﻿designator,quantity,value,pack,mpn,mount_type
C5,1,22nF,C_0805_2012Metric,,smt
C6,1,0.1uF,C_0805_2012Metric,,smt
C7,1,22nF,PinHeader_1x02_P2.54mm_Vertical,,tht
D1,1,LED_Small,LED_0805_2012Metric_Pad1.15x1.40mm_HandSolder,,smt
"D4, D5",2,LED_Small,LED_Rectangular_W5.0mm_H2.0mm,,tht
"J1, J11, J12, J13, J14, J15, J16, J17, J18, J2, J3, J4, J5, J6, J7, J8, J9",17,Phoenix _725656,PHOENIX_1725656-2POS,,tht
J10,1,Phoenix_5POS_1725685,PHOENIX_1725685-5POS,,tht
J19,1,Phoenix_3POS_1725669,PHOENIX_1725669-3POS,,tht
J29,1,n00d i2c,MOLEX_MICROFIT-RA-4POS,,tht
J30,1,Matrix i2c,MOLEX_MICROFIT-RA-4POS,,tht
J31,1,Speaker In,MOLEX_MICROFIT-RA-2POS,,tht
J32,1,Speaker,PinSocket_1x02_P2.54mm_Horizontal,,tht
"JP1, JP2",2,SolderJumper_2_Open,SolderJumper-2_P1.3mm_Open_TrianglePad1.0x1.5mm,,tht
"R3, R5",2,10K,R_0805_2012Metric,,smt
R4,1,1K,R_0805_2012Metric,,smt
"R8, R9",2,220,R_0805_2012Metric,,smt
"U3, U4",2,AW9523 Expander,Adafruit_AW9523_GPIO_Expander,,tht
U5,1,AT42QT1010,SOT95P270X145-6N,,smt
U6,1,IS31FL3731 LED Driver,Adafruit IS31FL3731 LED Driver,,tht
