"Reference","Value","Footprint","Datasheet","Digikey P/N","Digikey Page","Manufacturer","Mfg. P/N","Package","Qty"
"C1, C3","10uF","Capacitor_SMD:C_0805_2012Metric_Pad1.18x1.45mm_HandSolder","~","","","","","0805","2"
"C2, C4","0.1uF","Capacitor_SMD:C_0805_2012Metric_Pad1.18x1.45mm_HandSolder","~","","","","","0805","2"
"C5","22nF","Capacitor_SMD:C_0805_2012Metric","~","311-1138-1-ND","https://www.digikey.com/en/products/detail/yageo/CC0805KRX7R9BB223/302872","","","0805","1"
"C6","0.1uF","Capacitor_SMD:C_0805_2012Metric","~","311-1140-1-ND","https://www.digikey.com/en/products/detail/yageo/CC0805KRX7R9BB104/302874","","","0805","1"
"C7","22nF","Connector_PinHeader_2.54mm:PinHeader_1x02_P2.54mm_Vertical","","","","","","","1"
"D1","Touch_Indicator","LED_SMD:LED_0805_2012Metric_Pad1.15x1.40mm_HandSolder","~","160-1423-1-ND","https://www.digikey.com/en/products/detail/liteon/LTST-C171GKT/386793","","","0805","1"
"D4","Rectangular_Green_LED","LED_THT:LED_Rectangular_W5.0mm_H2.0mm","~","754-WP113CGKDT-ND","https://www.digikey.com/en/products/detail/kingbright/WP113CGKDT/20381527","","","5.00mm x 2.00mm Rectangular","1"
"D5","Rectangular_Red_LED","LED_THT:LED_Rectangular_W5.0mm_H2.0mm","~","754-WP113SURDKT-ND","https://www.digikey.com/en/products/detail/kingbright/WP113SURDKT/16602167","","","5.00mm x 2.00mm Rectangular","1"
"J1-J9, J11-J18","Phoenix _725656","my_footprints:PHOENIX_1725656-2POS","https://www.phoenixcontact.com/en-us/products/printed-circuit-board-terminal-mpt-05-2-254-1725656?type=pdf","277-1273-ND","https://www.digikey.com/en/products/detail/phoenix-contact/1725656/267462","Phoenix Contact","1725656","","17"
"J10","Phoenix_5POS_1725685","my_footprints:PHOENIX_1725685-5POS","https://www.phoenixcontact.com/en-us/products/printed-circuit-board-terminal-mpt-05-5-254-1725685?type=pdf","277-1276-ND","https://www.digikey.com/en/products/detail/phoenix-contact/1725685/267465","Phoenix Contact","1725685","","1"
"J19","Phoenix_3POS_1725669","my_footprints:PHOENIX_1725669-3POS","https://www.phoenixcontact.com/en-us/products/printed-circuit-board-terminal-mpt-05-3-254-1725669?type=pdf","277-1274-ND","https://www.digikey.com/en/products/detail/phoenix-contact/1725669/267463","Phoenix Contact","1725669","","1"
"J29","n00d i2c","my_footprints:MOLEX_MICROFIT-RA-4POS","https://www.molex.com/content/dam/molex/molex-dot-com/products/automated/en-us/salesdrawingpdf/436/43650/436500400_sd.pdf?inline","WM1862-ND","https://www.digikey.com/en/products/detail/molex/0436500400/268991?s=N4IgTCBcDaILYHsA2BTAHgAgAwBYDMAbAKxa6kgC6AvkA","MOLEX","0436500400","","1"
"J30","Matrix i2c","my_footprints:MOLEX_MICROFIT-RA-4POS","https://www.molex.com/content/dam/molex/molex-dot-com/products/automated/en-us/salesdrawingpdf/436/43650/436500400_sd.pdf?inline","WM1862-ND","https://www.digikey.com/en/products/detail/molex/0436500400/268991?s=N4IgTCBcDaILYHsA2BTAHgAgAwBYDMAbAKxa6kgC6AvkA","MOLEX","0436500400","","1"
"J31","Speaker In","my_footprints:MOLEX_MICROFIT-RA-2POS","https://www.molex.com/content/dam/molex/molex-dot-com/products/automated/en-us/salesdrawingpdf/436/43650/436500200_sd.pdf?inline","WM1860-ND","https://www.digikey.com/en/products/detail/molex/0436500200/268989?s=N4IgTCBcDaILYHsA2BTAHgAgAwBYDMAbAKxZZikgC6AvkA","MOLEX","0436500200","","1"
"J32","Speaker","Connector_PinSocket_2.54mm:PinSocket_1x02_P2.54mm_Horizontal","~","","","","","","1"
"JP1","R8_Bypass","Jumper:SolderJumper-2_P1.3mm_Open_TrianglePad1.0x1.5mm","~","","","","","","1"
"JP2","R9_Bypass","Jumper:SolderJumper-2_P1.3mm_Open_TrianglePad1.0x1.5mm","~","","","","","","1"
"LOGO1","MeowWolf_Logo_Horizontal","","","","","","","","1"
"R1, R2","10k","Resistor_SMD:R_0805_2012Metric_Pad1.20x1.40mm_HandSolder","~","","","","","0805","2"
"R3, R5","10K","Resistor_SMD:R_0805_2012Metric","","311-10.0KCRCT-ND","https://www.digikey.com/en/products/detail/yageo/RC0805FR-0710KL/727535","","","0805","2"
"R4","1K","Resistor_SMD:R_0805_2012Metric","","311-1.00KCRCT-ND","https://www.digikey.com/en/products/detail/yageo/RC0805FR-071KL/727444","","","0805","1"
"R8, R9","220","Resistor_SMD:R_0805_2012Metric","~","A129741CT-ND","https://www.digikey.com/en/products/detail/te-connectivity-passive-product/CRGCQ0805F220R/8576343","","","0805","2"
"U1, U2","AW9523","Package_DFN_QFN:TQFN-24-1EP_4x4mm_P0.5mm_EP2.6x2.6mm","https://cdn-shop.adafruit.com/product-files/4886/AW9523%20English%20Datasheet.pdf","","","","","","2"
"U3, U4","AW9523 Expander","my_footprints:Adafruit_AW9523_GPIO_Expander","https://learn.adafruit.com/adafruit-aw9523-gpio-expander-and-led-driver","1528-4886-ND","https://www.digikey.com/en/products/detail/adafruit-industries-llc/4886/13901490?s=N4IgTCBcDaIIYBM4DMBOBXAlgFxAGhABYAOYgNhAF0BfIA","Adafruit","4886","","2"
"U5","AT42QT1010","my_footprints:SOT95P270X145-6N","https://ww1.microchip.com/downloads/en/DeviceDoc/40001946A.pdf","AT42QT1010-TSHRCT-ND","https://www.digikey.com/en/products/detail/microchip-technology/AT42QT1010-TSHR/2268866","MICROCHIP","AT42QT1010-TSHR","","1"
"U6","IS31FL3731 LED Driver","my_footprints:Adafruit IS31FL3731 LED Driver","https://learn.adafruit.com/i31fl3731-16x9-charliplexed-pwm-led-driver","1528-1628-ND","https://www.digikey.com/en/products/detail/adafruit-industries-llc/2946/5959340?s=N4IgTCBcDaIIYBM4DMBOBXAlgFxAGnAE4AWANhAF0BfIA","Adafruit","2946","","1"
