﻿pos_x,pos_y,rotation,side,designator,mpn,pack,value,mount_type,place
10.339,-116.0272,-90.0,top,C5,,C_0805_2012Metric,22nF,smt,True
16.764,-120.396,180.0,top,C6,,C_0805_2012Metric,0.1uF,smt,True
13.716,-114.3,0.0,top,C7,,PinHeader_1x02_P2.54mm_Vertical,22nF,tht,True
14.8825,-133.811,90.0,top,D1,,LED_0805_2012Metric_Pad1.15x1.40mm_HandSolder,LED_Small,smt,True
53.519,-211.2772,-90.0,top,D4,,LED_Rectangular_W5.0mm_H2.0mm,LED_Small,tht,True
58.599,-211.2772,-90.0,top,D5,,LED_Rectangular_W5.0mm_H2.0mm,LED_Small,tht,True
5.26,-11.87,-90.0,top,J1,,PHOENIX_1725656-2POS,Phoenix _725656,tht,True
5.259,-105.8672,-90.0,top,J10,,PHOENIX_1725685-5POS,Phoenix_5POS_1725685,tht,True
5.259,-123.6472,-90.0,top,J11,,PHOENIX_1725656-2POS,Phoenix _725656,tht,True
5.259,-133.8072,-90.0,top,J12,,PHOENIX_1725656-2POS,Phoenix _725656,tht,True
5.259,-143.9672,-90.0,top,J13,,PHOENIX_1725656-2POS,Phoenix _725656,tht,True
5.259,-154.1272,-90.0,top,J14,,PHOENIX_1725656-2POS,Phoenix _725656,tht,True
5.259,-164.2872,-90.0,top,J15,,PHOENIX_1725656-2POS,Phoenix _725656,tht,True
5.259,-174.4472,-90.0,top,J16,,PHOENIX_1725656-2POS,Phoenix _725656,tht,True
5.259,-184.6072,-90.0,top,J17,,PHOENIX_1725656-2POS,Phoenix _725656,tht,True
5.259,-194.7672,-90.0,top,J18,,PHOENIX_1725656-2POS,Phoenix _725656,tht,True
2.159,-203.4272,-90.0,top,J19,,PHOENIX_1725669-3POS,Phoenix_3POS_1725669,tht,True
5.259,-22.0472,-90.0,top,J2,,PHOENIX_1725656-2POS,Phoenix _725656,tht,True
18.999,-177.8,0.0,top,J29,,MOLEX_MICROFIT-RA-4POS,n00d i2c,tht,True
5.259,-32.2072,-90.0,top,J3,,PHOENIX_1725656-2POS,Phoenix _725656,tht,True
36.474,-177.8,0.0,top,J30,,MOLEX_MICROFIT-RA-4POS,Matrix i2c,tht,True
50.949,-177.8,0.0,top,J31,,MOLEX_MICROFIT-RA-2POS,Speaker In,tht,True
62.409,-182.2,-90.0,top,J32,,PinSocket_1x02_P2.54mm_Horizontal,Speaker,tht,True
5.259,-42.3672,-90.0,top,J4,,PHOENIX_1725656-2POS,Phoenix _725656,tht,True
5.259,-52.5272,-90.0,top,J5,,PHOENIX_1725656-2POS,Phoenix _725656,tht,True
5.259,-62.6872,-90.0,top,J6,,PHOENIX_1725656-2POS,Phoenix _725656,tht,True
5.259,-75.3872,-90.0,top,J7,,PHOENIX_1725656-2POS,Phoenix _725656,tht,True
5.259,-83.0072,-90.0,top,J8,,PHOENIX_1725656-2POS,Phoenix _725656,tht,True
5.259,-93.1672,-90.0,top,J9,,PHOENIX_1725656-2POS,Phoenix _725656,tht,True
57.695,-191.77,0.0,top,JP1,,SolderJumper-2_P1.3mm_Open_TrianglePad1.0x1.5mm,SolderJumper_2_Open,tht,True
61.595,-191.77,0.0,top,JP2,,SolderJumper-2_P1.3mm_Open_TrianglePad1.0x1.5mm,SolderJumper_2_Open,tht,True
10.339,-112.2172,90.0,top,R3,,R_0805_2012Metric,10K,smt,True
14.8825,-138.891,90.0,top,R4,,R_0805_2012Metric,1K,smt,True
20.32,-137.2635,-90.0,top,R5,,R_0805_2012Metric,10K,smt,True
57.7465,-188.091,0.0,top,R8,,R_0805_2012Metric,220,smt,True
61.759,-188.087,0.0,top,R9,,R_0805_2012Metric,220,smt,True
43.359,-133.64713,-90.0,top,U3,,Adafruit_AW9523_GPIO_Expander,AW9523 Expander,tht,True
43.359,-154.1272,-90.0,top,U4,,Adafruit_AW9523_GPIO_Expander,AW9523 Expander,tht,True
17.78,-115.67,-90.0,top,U5,,SOT95P270X145-6N,AT42QT1010,smt,True
31.96,-27.06,90.0,top,U6,,Adafruit IS31FL3731 LED Driver,IS31FL3731 LED Driver,tht,True
